{
    "Destination": {
        "hatyai": [
            {
                "id": "01-HDY",
                "name": "Hat Yai International Airport",
                "start": "19",
                "end": "21",
                "price": "499"
            },
            {
                "id": "02-HDY",
                "name": "Hat Yai International Airport",
                "start": "19",
                "end": "21",
                "price": "999"
            },
            {
                "id": "03-HDY",
                "name": "Hat Yai International Airport",
                "start": "16",
                "end": "18",
                "price": "999"
            }
        ],
        "bankok": [
            {
                "id": "01-BKK",
                "name": "Suvarnabhumi airport",
                "start": "4",
                "end": "6",
                "price": "1499"
            },
            {
                "id": "02-BKK",
                "name": "Suvarnabhumi airport",
                "start": "1",
                "end": "3",
                "price": "1499"
            },
            {
                "id": "03-BKK",
                "name": "Suvarnabhumi airport",
                "start": "16",
                "end": "18",
                "price": "499"
            }
        ],
        "khonkaen": [
            {
                "id": "01-KCC",
                "name": "Khon Kaen Airport",
                "start": "7",
                "end": "9",
                "price": "499"
            },
            {
                "id": "02-KCC",
                "name": "Khon Kaen Airport",
                "start": "13",
                "end": "15",
                "price": "499"
            },
            {
                "id": "03-KCC",
                "name": "Khon Kaen Airport",
                "start": "13",
                "end": "15",
                "price": "499"
            }
        ],
        "chumphon": [
            {
                "id": "01-CJM",
                "name": "Chumphon Airport",
                "start": "16",
                "end": "18",
                "price": "1999"
            },
            {
                "id": "02-CJM",
                "name": "Chumphon Airport",
                "start": "19",
                "end": "21",
                "price": "1499"
            },
            {
                "id": "03-CJM",
                "name": "Chumphon Airport",
                "start": "19",
                "end": "21",
                "price": "499"
            }
        ],
        "tak": [
            {
                "id": "01-TKT",
                "name": "Tak Airport",
                "start": "19",
                "end": "21",
                "price": "1499"
            },
            {
                "id": "02-TKT",
                "name": "Tak Airport",
                "start": "13",
                "end": "15",
                "price": "499"
            },
            {
                "id": "03-TKT",
                "name": "Tak Airport",
                "start": "16",
                "end": "18",
                "price": "1999"
            }
        ],
        "trat": [
            {
                "id": "01-TDX",
                "name": "Trat Airport",
                "start": "4",
                "end": "6",
                "price": "1999"
            },
            {
                "id": "02-TDX",
                "name": "Trat Airport",
                "start": "10",
                "end": "12",
                "price": "999"
            },
            {
                "id": "03-TDX",
                "name": "Trat Airport",
                "start": "7",
                "end": "9",
                "price": "1499"
            }
        ],
        "trang": [
            {
                "id": "01-TST",
                "name": "Trang Airport",
                "start": "1",
                "end": "3",
                "price": "1499"
            },
            {
                "id": "02-TST",
                "name": "Trang Airport",
                "start": "16",
                "end": "18",
                "price": "1999"
            },
            {
                "id": "03-TST",
                "name": "Trang Airport",
                "start": "4",
                "end": "6",
                "price": "1999"
            }
        ],
        "nakhon-phanom": [
            {
                "id": "01-KOP",
                "name": "Nakhon Phanom Airport",
                "start": "22",
                "end": "00",
                "price": "1999"
            },
            {
                "id": "02-KOP",
                "name": "Nakhon Phanom Airport",
                "start": "7",
                "end": "9",
                "price": "999"
            },
            {
                "id": "03-KOP",
                "name": "Nakhon Phanom Airport",
                "start": "16",
                "end": "18",
                "price": "1499"
            }
        ],
        "nakhon-ratchasima": [
            {
                "id": "01-NAK",
                "name": "Nakhon Ratchasima Airport",
                "start": "16",
                "end": "18",
                "price": "999"
            },
            {
                "id": "02-NAK",
                "name": "Nakhon Ratchasima Airport",
                "start": "22",
                "end": "00",
                "price": "1999"
            },
            {
                "id": "03-NAK",
                "name": "Nakhon Ratchasima Airport",
                "start": "1",
                "end": "3",
                "price": "1499"
            }
        ],
        "nakhon-si-thammarat": [
            {
                "id": "01-NST",
                "name": "Nakhon Si Thammarat Airport",
                "start": "22",
                "end": "00",
                "price": "999"
            },
            {
                "id": "02-NST",
                "name": "Nakhon Si Thammarat Airport",
                "start": "13",
                "end": "15",
                "price": "499"
            },
            {
                "id": "03-NST",
                "name": "Nakhon Si Thammarat Airport",
                "start": "4",
                "end": "6",
                "price": "499"
            }
        ],
        "nan": [
            {
                "id": "01-NNT",
                "name": "Nan Airport",
                "start": "22",
                "end": "00",
                "price": "1499"
            },
            {
                "id": "02-NNT",
                "name": "Nan Airport",
                "start": "22",
                "end": "00",
                "price": "999"
            },
            {
                "id": "03-NNT",
                "name": "Nan Airport",
                "start": "16",
                "end": "18",
                "price": "999"
            }
        ],
        "narathiwat": [
            {
                "id": "01-NAW",
                "name": "Narathiwat Airport",
                "start": "19",
                "end": "21",
                "price": "1499"
            },
            {
                "id": "02-NAW",
                "name": "Narathiwat Airport",
                "start": "22",
                "end": "00",
                "price": "499"
            },
            {
                "id": "03-NAW",
                "name": "Narathiwat Airport",
                "start": "22",
                "end": "00",
                "price": "999"
            }
        ],
        "buriram": [
            {
                "id": "01-BFV",
                "name": "Buriram Airport",
                "start": "4",
                "end": "6",
                "price": "1499"
            },
            {
                "id": "02-BFV",
                "name": "Buriram Airport",
                "start": "22",
                "end": "00",
                "price": "1499"
            },
            {
                "id": "03-BFV",
                "name": "Buriram Airport",
                "start": "4",
                "end": "6",
                "price": "999"
            }
        ],
        "pai": [
            {
                "id": "01-PYY",
                "name": "Pai Airport",
                "start": "19",
                "end": "21",
                "price": "1999"
            },
            {
                "id": "02-PYY",
                "name": "Pai Airport",
                "start": "10",
                "end": "12",
                "price": "999"
            },
            {
                "id": "03-PYY",
                "name": "Pai Airport",
                "start": "19",
                "end": "21",
                "price": "1999"
            }
        ],
        "phitsanulok": [
            {
                "id": "01-PHS",
                "name": "Phitsanulok Airport",
                "start": "4",
                "end": "6",
                "price": "1499"
            },
            {
                "id": "02-PHS",
                "name": "Phitsanulok Airport",
                "start": "19",
                "end": "21",
                "price": "1499"
            },
            {
                "id": "03-PHS",
                "name": "Phitsanulok Airport",
                "start": "7",
                "end": "9",
                "price": "1999"
            }
        ],
        "phetchabun": [
            {
                "id": "01-PHY",
                "name": "Phetchabun Airport",
                "start": "4",
                "end": "6",
                "price": "999"
            },
            {
                "id": "02-PHY",
                "name": "Phetchabun Airport",
                "start": "1",
                "end": "3",
                "price": "1499"
            },
            {
                "id": "03-PHY",
                "name": "Phetchabun Airport",
                "start": "22",
                "end": "00",
                "price": "1499"
            }
        ],
        "phrae": [
            {
                "id": "01-PRH",
                "name": "Phrae Airport",
                "start": "16",
                "end": "18",
                "price": "1999"
            },
            {
                "id": "02-PRH",
                "name": "Phrae Airport",
                "start": "4",
                "end": "6",
                "price": "499"
            },
            {
                "id": "03-PRH",
                "name": "Phrae Airport",
                "start": "16",
                "end": "18",
                "price": "1499"
            }
        ],
        "mae-sot": [
            {
                "id": "01-MAQ",
                "name": "Mae Sot Airport",
                "start": "10",
                "end": "12",
                "price": "999"
            },
            {
                "id": "02-MAQ",
                "name": "Mae Sot Airport",
                "start": "19",
                "end": "21",
                "price": "1499"
            },
            {
                "id": "03-MAQ",
                "name": "Mae Sot Airport",
                "start": "16",
                "end": "18",
                "price": "499"
            }
        ],
        "mae-hong-son": [
            {
                "id": "01-HGN",
                "name": "Mae Hong Son Airport",
                "start": "13",
                "end": "15",
                "price": "499"
            },
            {
                "id": "02-HGN",
                "name": "Mae Hong Son Airport",
                "start": "1",
                "end": "3",
                "price": "999"
            },
            {
                "id": "03-HGN",
                "name": "Mae Hong Son Airport",
                "start": "16",
                "end": "18",
                "price": "499"
            }
        ],
        "ranong": [
            {
                "id": "01-UNN",
                "name": "Ranong Airport",
                "start": "4",
                "end": "6",
                "price": "1499"
            },
            {
                "id": "02-UNN",
                "name": "Ranong Airport",
                "start": "10",
                "end": "12",
                "price": "499"
            },
            {
                "id": "03-UNN",
                "name": "Ranong Airport",
                "start": "19",
                "end": "21",
                "price": "999"
            }
        ],
        "loei": [
            {
                "id": "01-LOE",
                "name": "Loei Airport",
                "start": "16",
                "end": "18",
                "price": "999"
            },
            {
                "id": "02-LOE",
                "name": "Loei Airport",
                "start": "1",
                "end": "3",
                "price": "999"
            },
            {
                "id": "03-LOE",
                "name": "Loei Airport",
                "start": "7",
                "end": "9",
                "price": "999"
            }
        ],
        "lampang": [
            {
                "id": "01-LPT",
                "name": "Lampang Airport",
                "start": "7",
                "end": "9",
                "price": "1499"
            },
            {
                "id": "02-LPT",
                "name": "Lampang Airport",
                "start": "16",
                "end": "18",
                "price": "1999"
            },
            {
                "id": "03-LPT",
                "name": "Lampang Airport",
                "start": "1",
                "end": "3",
                "price": "999"
            }
        ],
        "sakon-nakhon": [
            {
                "id": "01-SNO",
                "name": "Sakon Nakhon Airport",
                "start": "4",
                "end": "6",
                "price": "1999"
            },
            {
                "id": "02-SNO",
                "name": "Sakon Nakhon Airport",
                "start": "10",
                "end": "12",
                "price": "1999"
            },
            {
                "id": "03-SNO",
                "name": "Sakon Nakhon Airport",
                "start": "4",
                "end": "6",
                "price": "1499"
            }
        ],
        "sukhothai": [
            {
                "id": "01-THS",
                "name": "Sukhothai Airport",
                "start": "16",
                "end": "18",
                "price": "999"
            },
            {
                "id": "02-THS",
                "name": "Sukhothai Airport",
                "start": "22",
                "end": "00",
                "price": "499"
            },
            {
                "id": "03-THS",
                "name": "Sukhothai Airport",
                "start": "4",
                "end": "6",
                "price": "1999"
            }
        ],
        "udon-thani": [
            {
                "id": "01-UTH",
                "name": "Udon Thani Airport",
                "start": "1",
                "end": "3",
                "price": "999"
            },
            {
                "id": "02-UTH",
                "name": "Udon Thani Airport",
                "start": "10",
                "end": "12",
                "price": "999"
            },
            {
                "id": "03-UTH",
                "name": "Udon Thani Airport",
                "start": "4",
                "end": "6",
                "price": "999"
            }
        ],
        "ubon-ratchathani": [
            {
                "id": "01-UBP",
                "name": "Ubon Ratchathani Airport",
                "start": "1",
                "end": "3",
                "price": "1999"
            },
            {
                "id": "02-UBP",
                "name": "Ubon Ratchathani Airport",
                "start": "16",
                "end": "18",
                "price": "499"
            },
            {
                "id": "03-UBP",
                "name": "Ubon Ratchathani Airport",
                "start": "10",
                "end": "12",
                "price": "999"
            }
        ],
        "krabi": [
            {
                "id": "01-KBV",
                "name": "Krabi Airport",
                "start": "7",
                "end": "9",
                "price": "999"
            },
            {
                "id": "02-KBV",
                "name": "Krabi Airport",
                "start": "7",
                "end": "9",
                "price": "499"
            },
            {
                "id": "03-KBV",
                "name": "Krabi Airport",
                "start": "7",
                "end": "9",
                "price": "1999"
            }
        ],
        "chiang-mai": [
            {
                "id": "01-CNX",
                "name": "Chiang Mai International Airport",
                "start": "19",
                "end": "21",
                "price": "1499"
            },
            {
                "id": "02-CNX",
                "name": "Chiang Mai International Airport",
                "start": "19",
                "end": "21",
                "price": "1499"
            },
            {
                "id": "03-CNX",
                "name": "Chiang Mai International Airport",
                "start": "13",
                "end": "15",
                "price": "499"
            }
        ],
        "phuket": [
            {
                "id": "01-HKT",
                "name": "Phuket International Airport",
                "start": "10",
                "end": "12",
                "price": "1999"
            },
            {
                "id": "02-HKT",
                "name": "Phuket International Airport",
                "start": "19",
                "end": "21",
                "price": "499"
            },
            {
                "id": "03-HKT",
                "name": "Phuket International Airport",
                "start": "1",
                "end": "3",
                "price": "1499"
            }
        ],
        "chiang-rai": [
            {
                "id": "01-CEI",
                "name": "Chiang Rai International Airport",
                "start": "1",
                "end": "3",
                "price": "1999"
            },
            {
                "id": "02-CEI",
                "name": "Chiang Rai International Airport",
                "start": "19",
                "end": "21",
                "price": "999"
            },
            {
                "id": "03-CEI",
                "name": "Chiang Rai International Airport",
                "start": "19",
                "end": "21",
                "price": "999"
            }
        ],
        "samui": [
            {
                "id": "01-USM",
                "name": "Samui Airport",
                "start": "13",
                "end": "15",
                "price": "999"
            },
            {
                "id": "02-USM",
                "name": "Samui Airport",
                "start": "16",
                "end": "18",
                "price": "1499"
            },
            {
                "id": "03-USM",
                "name": "Samui Airport",
                "start": "22",
                "end": "00",
                "price": "999"
            }
        ],
        "hua-hin": [
            {
                "id": "01-HHQ",
                "name": "Hua Hin Airport",
                "start": "19",
                "end": "21",
                "price": "499"
            },
            {
                "id": "02-HHQ",
                "name": "Hua Hin Airport",
                "start": "13",
                "end": "15",
                "price": "1499"
            },
            {
                "id": "03-HHQ",
                "name": "Hua Hin Airport",
                "start": "4",
                "end": "6",
                "price": "999"
            }
        ],
        "u-tapao": [
            {
                "id": "01-UTP",
                "name": "U-Tapao International Airport",
                "start": "16",
                "end": "18",
                "price": "1999"
            },
            {
                "id": "02-UTP",
                "name": "U-Tapao International Airport",
                "start": "13",
                "end": "15",
                "price": "1999"
            },
            {
                "id": "03-UTP",
                "name": "U-Tapao International Airport",
                "start": "22",
                "end": "00",
                "price": "999"
            }
        ]
    }
}