{
    "1": {
        "Flight_ID": "01-HDY",
        "Source": "hatyai",
        "Destination": "Hatyai ",
        "Date": "5/5/22",
        "User_ID": "1",
        "Status": "Complete"
    },
    "2": {
        "Flight_ID": "02-HDY",
        "Source": "mae_hong_son",
        "Destination": "Mae Hong Son ",
        "Date": "5/5/22",
        "User_ID": "1",
        "Status": "Cancel"
    },
    "3": {
        "Flight_ID": "03-HDY",
        "Source": "loei",
        "Destination": "Loei ",
        "Date": "5/5/22",
        "User_ID": "2",
        "Status": "Pending"
    },
    "4": {
        "Flight_ID": "02-KCC",
        "Source": "hua_hin",
        "Destination": "Hua hin ",
        "Date": "5/5/22",
        "User_ID": "1",
        "Status": "Cancel"
    },
    "5": {
        "Flight_ID": "02-KCC",
        "Source": "trat",
        "Destination": "Khon Kaen ",
        "Date": "5/5/22",
        "User_ID": "1",
        "Status": "Cancel"
    },
    "6": {
        "Flight_ID": "01-KCC",
        "Source": "trat",
        "Destination": "Khon Kaen ",
        "Date": "5/5/22",
        "User_ID": "1",
        "Status": "Complete"
    },
    "7": {
        "Flight_ID": "03-CJM",
        "Source": "tak",
        "Destination": "Chumphon ",
        "Date": "5/7/22",
        "User_ID": "1",
        "Status": "Complete"
    },
    "8": {
        "Flight_ID": "01-BKK",
        "Source": "chumphon",
        "Destination": "Suvarnabhumi ",
        "Date": "5/7/22",
        "User_ID": "1",
        "Status": "Pending"
    },
    "9": {
        "Flight_ID": "01-CJM",
        "Source": "Bankok",
        "Destination": "Chumphon ",
        "Date": "10/05/22",
        "User_ID": "1",
        "Status": "pending"
    },
    "10": {
        "Flight_ID": "01-CJM",
        "Source": "Bankok",
        "Destination": "Chumphon ",
        "Date": "10/05/22",
        "User_ID": "1",
        "Status": "pending"
    },
    "11": {
        "Flight_ID": "01-CJM",
        "Source": "Bankok",
        "Destination": "Chumphon ",
        "Date": "10/05/22",
        "User_ID": "1",
        "Status": "pending"
    },
    "12": {
        "Flight_ID": "01-CJM",
        "Source": "Bankok",
        "Destination": "Chumphon ",
        "Date": "10/05/22",
        "User_ID": "1",
        "Status": "pending"
    },
    "13": {
        "Flight_ID": "01-CJM",
        "Source": "Bankok",
        "Destination": "Chumphon ",
        "Date": "10/05/22",
        "User_ID": "1",
        "Status": "pending"
    },
    "14": {
        "Flight_ID": "01-CJM",
        "Source": "Bankok",
        "Destination": "Chumphon ",
        "Date": "10/05/22",
        "User_ID": "1",
        "Status": "pending"
    }
}