{
      "1": {
            "Flight_ID": "01-HDY",
            "Source": "hua_hin",
            "Destination": "Hatyai",
            "User_ID": "1",
            "Status": "Cancel"
      },
      "2": {
            "Flight_ID": "02-HDY",
            "Source": "mae_hong_son",
            "Destination": "Hatyai",
            "User_ID": "1",
            "Status": "Complete"
      },
      "3": {
            "Flight_ID": "03-HDY",
            "Source": "loei",
            "Destination": "Hatyai",
            "User_ID": "2",
            "Status": "Pending"
      },
      "4": {
            "Flight_ID": "02-KCC",
            "Source": "hua_hin",
            "Destination": "Khonkaen",
            "User_ID": "1",
            "Status": "Pending"
      },
      "5": {
            "Flight_ID": "02-BKK",
            "Source": "phitsanulok",
            "Destination": "Bankok",
            "User_ID": "3",
            "Status": "Complete"
      },
      "6": {
            "Flight_ID": "01-BKK",
            "Source": "phitsanulok",
            "Destination": "Bankok",
            "User_ID": "3",
            "Status": "Complete"
      }
}