{
    "Destination":{
        "hatyai":[
            {   "airportid":"HDY",
                "id":"01-HDY",
                "name":"Hat Yai International Airport",
                "start":"19:38",
                "end":"22:49",
                "price":"499"
            },
            {   "airportid":"HDY",
                "id":"02-HDY",
                "name":"Hat Yai International Airport",
                "start":"19:28",
                "end":"00:06",
                "price":"999"
            },
            {   "airportid":"HDY",
                "id":"03-HDY",
                "name":"Hat Yai International Airport",
                "start":"16:29",
                "end":"17:21",
                "price":"999"
            }
        ],
        "bankok":[
            {   
                "id":"01-BKK",
                "name":"Suvarnabhumi airport",
                "start":"04:11",
                "end":"09:00",
                "price":"1499"
            },
            {
                "id":"02-BKK",
                "name":"Suvarnabhumi airport",
                "start":"01:07",
                "end":"02:56",
                "price":"1499"
            },
            {
                "id":"03-BKK",
                "name":"Suvarnabhumi airport",
                "start":"16:19",
                "end":"19:58",
                "price":"499"
            }
        ],
        "khonkaen":[
            {
                "id":"01-KCC",
                "name":"Khon Kaen Airport",
                "start":"07:53",
                "end":"10:31",
                "price":"499"
            },
            {
                "id":"02-KCC",
                "name":"Khon Kaen Airport",
                "start":"13:27",
                "end":"15:55",
                "price":"499"
            },
            {
                "id":"03-KCC",
                "name":"Khon Kaen Airport",
                "start":"13:11",
                "end":"15:06",
                "price":"499"
            }
        ],
        "chumphon":[
            {
                "id":"01-CJM",
                "name":"Chumphon Airport",
                "start":"16:11",
                "end":"21:43",
                "price":"1999"
            },
            {
                "id":"02-CJM",
                "name":"Chumphon Airport",
                "start":"19:45",
                "end":"21:39",
                "price":"1499"
            },
            {
                "id":"03-CJM",
                "name":"Chumphon Airport",
                "start":"19:37",
                "end":"00:36",
                "price":"499"
            }
        ],
        "tak":[
            {
                "id":"01-TKT",
                "name":"Tak Airport",
                "start":"19:06",
                "end":"22:57",
                "price":"1499"
            },
            {
                "id":"02-TKT",
                "name":"Tak Airport",
                "start":"13:31",
                "end":"18:29",
                "price":"499"
            },
            {
                "id":"03-TKT",
                "name":"Tak Airport",
                "start":"16:09",
                "end":"19:29",
                "price":"1999"
            }
        ],
        "trat":[
            {
                "id":"01-TDX",
                "name":"Trat Airport",
                "start":"04:51",
                "end":"06:13",
                "price":"1999"
            },
            {
                "id":"02-TDX",
                "name":"Trat Airport",
                "start":"10:59",
                "end":"12:58",
                "price":"999"
            },
            {
                "id":"03-TDX",
                "name":"Trat Airport",
                "start":"07:58",
                "end":"10:20",
                "price":"1499"
            }
        ],
        "trang":[
            {
                "id":"01-TST",
                "name":"Trang Airport",
                "start":"01:31",
                "end":"05:30",
                "price":"1499"
            },
            {
                "id":"02-TST",
                "name":"Trang Airport",
                "start":"16:25",
                "end":"18:17",
                "price":"1999"
            },
            {
                "id":"03-TST",
                "name":"Trang Airport",
                "start":"04:03",
                "end":"08:45",
                "price":"1999"
            }
        ],
        "nakhon-phanom":[
            {
                "id":"01-KOP",
                "name":"Nakhon Phanom Airport",
                "start":"22:34",
                "end":"23:47",
                "price":"1999"
            },
            {
                "id":"02-KOP",
                "name":"Nakhon Phanom Airport",
                "start":"07:53",
                "end":"11:00",
                "price":"999"
            },
            {
                "id":"03-KOP",
                "name":"Nakhon Phanom Airport",
                "start":"16:48",
                "end":"21:30",
                "price":"1499"
            }
        ],
        "nakhon-ratchasima":[
            {
                "id":"01-NAK",
                "name":"Nakhon Ratchasima Airport",
                "start":"16:56",
                "end":"21:32",
                "price":"999"
            },
            {
                "id":"02-NAK",
                "name":"Nakhon Ratchasima Airport",
                "start":"22:03",
                "end":"00:32",
                "price":"1999"
            },
            {
                "id":"03-NAK",
                "name":"Nakhon Ratchasima Airport",
                "start":"01:26",
                "end":"05:16",
                "price":"1499"
            }
        ],
        "nakhon-si-thammarat":[
            {
                "id":"01-NST",
                "name":"Nakhon Si Thammarat Airport",
                "start":"22:39",
                "end":"23:11",
                "price":"999"
            },
            {
                "id":"02-NST",
                "name":"Nakhon Si Thammarat Airport",
                "start":"13:30",
                "end":"17:17",
                "price":"499"
            },
            {
                "id":"03-NST",
                "name":"Nakhon Si Thammarat Airport",
                "start":"04:48",
                "end":"05:53",
                "price":"499"
            }
        ],
        "nan":[
            {
                "id":"01-NNT",
                "name":"Nan Airport",
                "start":"22:31",
                "end":"00:10",
                "price":"1499"
            },
            {
                "id":"02-NNT",
                "name":"Nan Airport",
                "start":"22:28",
                "end":"00:48",
                "price":"999"
            },
            {
                "id":"03-NNT",
                "name":"Nan Airport",
                "start":"16:36",
                "end":"17:02",
                "price":"999"
            }
        ],
        "narathiwat":[
            {
                "id":"01-NAW",
                "name":"Narathiwat Airport",
                "start":"19:29",
                "end":"20:18",
                "price":"1499"
            },
            {
                "id":"02-NAW",
                "name":"Narathiwat Airport",
                "start":"22:37",
                "end":"00:14",
                "price":"499"
            },
            {
                "id":"03-NAW",
                "name":"Narathiwat Airport",
                "start":"22:28",
                "end":"23:17",
                "price":"999"
            }
        ],
        "buriram":[
            {
                "id":"01-BFV",
                "name":"Buriram Airport",
                "start":"04:20",
                "end":"06:02",
                "price":"1499"
            },
            {
                "id":"02-BFV",
                "name":"Buriram Airport",
                "start":"22:47",
                "end":"23:14",
                "price":"1499"
            },
            {
                "id":"03-BFV",
                "name":"Buriram Airport",
                "start":"04:01",
                "end":"05:38",
                "price":"999"
            }
        ],
        "pai":[
            {
                "id":"01-PYY",
                "name":"Pai Airport",
                "start":"19:30",
                "end":"00:50",
                "price":"1999"
            },
            {
                "id":"02-PYY",
                "name":"Pai Airport",
                "start":"10:10",
                "end":"13:45",
                "price":"999"
            },
            {
                "id":"03-PYY",
                "name":"Pai Airport",
                "start":"19:29",
                "end":"20:09",
                "price":"1999"
            }
        ],
        "phitsanulok":[
            {
                "id":"01-PHS",
                "name":"Phitsanulok Airport",
                "start":"04:21",
                "end":"07:19",
                "price":"1499"
            },
            {
                "id":"02-PHS",
                "name":"Phitsanulok Airport",
                "start":"19:14",
                "end":"22:07",
                "price":"1499"
            },
            {
                "id":"03-PHS",
                "name":"Phitsanulok Airport",
                "start":"07:36",
                "end":"10:10",
                "price":"1999"
            }
        ],
        "phetchabun":[
            {
                "id":"01-PHY",
                "name":"Phetchabun Airport",
                "start":"04:00",
                "end":"07:10",
                "price":"999"
            },
            {
                "id":"02-PHY",
                "name":"Phetchabun Airport",
                "start":"01:40",
                "end":"06:48",
                "price":"1499"
            },
            {
                "id":"03-PHY",
                "name":"Phetchabun Airport",
                "start":"22:05",
                "end":"23:45",
                "price":"1499"
            }
        ],
        "phrae":[
            {
                "id":"01-PRH",
                "name":"Phrae Airport",
                "start":"16:10",
                "end":"19:50",
                "price":"1999"
            },
            {
                "id":"02-PRH",
                "name":"Phrae Airport",
                "start":"04:44",
                "end":"07:52",
                "price":"499"
            },
            {
                "id":"03-PRH",
                "name":"Phrae Airport",
                "start":"16:50",
                "end":"17:59",
                "price":"1499"
            }
        ],
        "mae-sot":[
            {
                "id":"01-MAQ",
                "name":"Mae Sot Airport",
                "start":"10:17",
                "end":"12:19",
                "price":"999"
            },
            {
                "id":"02-MAQ",
                "name":"Mae Sot Airport",
                "start":"19:44",
                "end":"00:22",
                "price":"1499"
            },
            {
                "id":"03-MAQ",
                "name":"Mae Sot Airport",
                "start":"16:58",
                "end":"17:46",
                "price":"499"
            }
        ],
        "mae-hong-son":[
            {
                "id":"01-HGN",
                "name":"Mae Hong Son Airport",
                "start":"13:31",
                "end":"18:45",
                "price":"499"
            },
            {
                "id":"02-HGN",
                "name":"Mae Hong Son Airport",
                "start":"01:44",
                "end":"03:40",
                "price":"999"
            },
            {
                "id":"03-HGN",
                "name":"Mae Hong Son Airport",
                "start":"16:52",
                "end":"19:40",
                "price":"499"
            }
        ],
        "ranong":[
            {
                "id":"01-UNN",
                "name":"Ranong Airport",
                "start":"04:07",
                "end":"08:45",
                "price":"1499"
            },
            {
                "id":"02-UNN",
                "name":"Ranong Airport",
                "start":"10:51",
                "end":"14:31",
                "price":"499"
            },
            {
                "id":"03-UNN",
                "name":"Ranong Airport",
                "start":"19:45",
                "end":"21:58",
                "price":"999"
            }
        ],
        "loei":[
            {
                "id":"01-LOE",
                "name":"Loei Airport",
                "start":"16:00",
                "end":"21:41",
                "price":"999"
            },
            {
                "id":"02-LOE",
                "name":"Loei Airport",
                "start":"01:55",
                "end":"05:29",
                "price":"999"
            },
            {
                "id":"03-LOE",
                "name":"Loei Airport",
                "start":"07:20",
                "end":"09:57",
                "price":"999"
            }
        ],
        "lampang":[
            {
                "id":"01-LPT",
                "name":"Lampang Airport",
                "start":"07:54",
                "end":"11:00",
                "price":"1499"
            },
            {
                "id":"02-LPT",
                "name":"Lampang Airport",
                "start":"16:14",
                "end":"18:45",
                "price":"1999"
            },
            {
                "id":"03-LPT",
                "name":"Lampang Airport",
                "start":"01:51",
                "end":"02:56",
                "price":"999"
            }
        ],
        "sakon-nakhon":[
            {
                "id":"01-SNO",
                "name":"Sakon Nakhon Airport",
                "start":"04:46",
                "end":"05:03",
                "price":"1999"
            },
            {
                "id":"02-SNO",
                "name":"Sakon Nakhon Airport",
                "start":"10:26",
                "end":"15:23",
                "price":"1999"
            },
            {
                "id":"03-SNO",
                "name":"Sakon Nakhon Airport",
                "start":"04:56",
                "end":"08:07",
                "price":"1499"
            }
        ],
        "sukhothai":[
            {
                "id":"01-THS",
                "name":"Sukhothai Airport",
                "start":"16:18",
                "end":"20:11",
                "price":"999"
            },
            {
                "id":"02-THS",
                "name":"Sukhothai Airport",
                "start":"22:36",
                "end":"00:33",
                "price":"499"
            },
            {
                "id":"03-THS",
                "name":"Sukhothai Airport",
                "start":"04:24",
                "end":"06:32",
                "price":"1999"
            }
        ],
        "udon-thani":[
            {
                "id":"01-UTH",
                "name":"Udon Thani Airport",
                "start":"01:50",
                "end":"03:31",
                "price":"999"
            },
            {
                "id":"02-UTH",
                "name":"Udon Thani Airport",
                "start":"10:27",
                "end":"14:19",
                "price":"999"
            },
            {
                "id":"03-UTH",
                "name":"Udon Thani Airport",
                "start":"04:13",
                "end":"06:20",
                "price":"999"
            }
        ],
        "ubon-ratchathani":[
            {
                "id":"01-UBP",
                "name":"Ubon Ratchathani Airport",
                "start":"01:42",
                "end":"06:06",
                "price":"1999"
            },
            {
                "id":"02-UBP",
                "name":"Ubon Ratchathani Airport",
                "start":"16:46",
                "end":"18:24",
                "price":"499"
            },
            {
                "id":"03-UBP",
                "name":"Ubon Ratchathani Airport",
                "start":"10:19",
                "end":"14:38",
                "price":"999"
            }
        ],
        "krabi":[
            {
                "id":"01-KBV",
                "name":"Krabi Airport",
                "start":"07:23",
                "end":"09:52",
                "price":"999"
            },
            {
                "id":"02-KBV",
                "name":"Krabi Airport",
                "start":"07:02",
                "end":"11:10",
                "price":"499"
            },
            {
                "id":"03-KBV",
                "name":"Krabi Airport",
                "start":"07:25",
                "end":"09:33",
                "price":"1999"
            }
        ],
        "chiang-mai":[
            {
                "id":"01-CNX",
                "name":"Chiang Mai International Airport",
                "start":"19:43",
                "end":"23:33",
                "price":"1499"
            },
            {
                "id":"02-CNX",
                "name":"Chiang Mai International Airport",
                "start":"19:45",
                "end":"00:49",
                "price":"1499"
            },
            {
                "id":"03-CNX",
                "name":"Chiang Mai International Airport",
                "start":"13:11",
                "end":"16:50",
                "price":"499"
            }
        ],
        "phuket":[
            {
                "id":"01-HKT",
                "name":"Phuket International Airport",
                "start":"10:07",
                "end":"12:22",
                "price":"1999"
            },
            {
                "id":"02-HKT",
                "name":"Phuket International Airport",
                "start":"19:52",
                "end":"21:01",
                "price":"499"
            },
            {
                "id":"03-HKT",
                "name":"Phuket International Airport",
                "start":"01:03",
                "end":"05:30",
                "price":"1499"
            }
        ],
        "chiang-rai":[
            {
                "id":"01-CEI",
                "name":"Chiang Rai International Airport",
                "start":"01:47",
                "end":"02:33",
                "price":"1999"
            },
            {
                "id":"02-CEI",
                "name":"Chiang Rai International Airport",
                "start":"19:50",
                "end":"00:08",
                "price":"999"
            },
            {
                "id":"03-CEI",
                "name":"Chiang Rai International Airport",
                "start":"19:36",
                "end":"20:42",
                "price":"999"
            }
        ],
        "samui":[
            {
                "id":"01-USM",
                "name":"Samui Airport",
                "start":"13:05",
                "end":"14:17",
                "price":"999"
            },
            {
                "id":"02-USM",
                "name":"Samui Airport",
                "start":"16:16",
                "end":"19:27",
                "price":"1499"
            },
            {
                "id":"03-USM",
                "name":"Samui Airport",
                "start":"22:25",
                "end":"00:20",
                "price":"999"
            }
        ],
        "hua-hin":[
            {
                "id":"01-HHQ",
                "name":"Hua Hin Airport",
                "start":"19:04",
                "end":"22:29",
                "price":"499"
            },
            {
                "id":"02-HHQ",
                "name":"Hua Hin Airport",
                "start":"13:36",
                "end":"15:23",
                "price":"1499"
            },
            {
                "id":"03-HHQ",
                "name":"Hua Hin Airport",
                "start":"04:44",
                "end":"05:01",
                "price":"999"
            }
        ],
        "u-tapao":[
            {
                "id":"01-UTP",
                "name":"U-Tapao International Airport",
                "start":"16:27",
                "end":"17:22",
                "price":"1999"
            },
            {
                "id":"02-UTP",
                "name":"U-Tapao International Airport",
                "start":"13:51",
                "end":"18:22",
                "price":"1999"
            },
            {
                "id":"03-UTP",
                "name":"U-Tapao International Airport",
                "start":"22:40",
                "end":"00:59",
                "price":"999"
            }
        ]
    }
}