{
    "1": {
        "Flight_ID": "01-HDY",
        "Source": "hatyai",
        "User_ID": "1",
        "Status": "Complete"
    },
    "2": {
        "Flight_ID": "02-HDY",
        "Source": "mae_hong_son",
        "User_ID": "1",
        "Status": "Cancel"
    },
    "3": {
        "Flight_ID": "03-HDY",
        "Source": "loei",
        "User_ID": "2",
        "Status": "Pending"
    },
    "4": {
        "Flight_ID": "02-KCC",
        "Source": "hua_hin",
        "User_ID": "1",
        "Status": "Cancel"
    },
    "5": {
        "Flight_ID": "02-BKK",
        "Source": "phitsanulok",
        "User_ID": "1",
        "Status": "Pending"
    },
    "6": {
        "Flight_ID": "01-HDY",
        "Source": "Bankok",
        "Dource": "Hat Yai International Airport",
        "User_ID": "1",
        "Status": "Cancel"
    },
    "7": {
        "Flight_ID": "01-HDY",
        "Source": "Bankok",
        "Dource": "Hat Yai International Airport",
        "User_ID": "1",
        "Status": "Pending"
    },
    "8": {
        "Flight_ID": "01-CJM",
        "Source": "khonkaen",
        "Dource": "Chumphon Airport",
        "User_ID": "1",
        "Status": "Pending"
    },
    "9": {
        "Flight_ID": "01-TDX",
        "Source": "tak",
        "Dource": "Trat Airport",
        "User_ID": "1",
        "Status": "Pending"
    },
    "10": {
        "Flight_ID": "01-TDX",
        "Source": "tak",
        "Dource": "Trat Airport",
        "User_ID": "1",
        "Status": "Pending"
    },
    "11": {
        "Flight_ID": "01-TDX",
        "Source": "tak",
        "Dource": "Trat Airport",
        "User_ID": "1",
        "Status": "Pending"
    },
    "12": {
        "Flight_ID": "01-TDX",
        "Source": "tak",
        "Dource": "Trat Airport",
        "User_ID": "1",
        "Status": "Pending"
    },
    "13": {
        "Flight_ID": "02-TDX",
        "Source": "bankok",
        "Dource": "Trat Airport",
        "User_ID": "1",
        "Status": "Pending"
    },
    "14": {
        "Flight_ID": "02-USM",
        "Source": "bankok",
        "Dource": "Samui Airport",
        "User_ID": "1",
        "Status": "Pending"
    },
    "15": {
        "Flight_ID": "01-USM",
        "Source": "bankok",
        "Dource": "Samui Airport",
        "User_ID": "1",
        "Status": "Pending"
    },
    "16": {
        "Flight_ID": "01-UTP",
        "Source": "phuket",
        "Dource": "U-Tapao International Airport",
        "User_ID": "1",
        "Status": "Pending"
    },
    "17": {
        "Flight_ID": "01-KBV",
        "Source": "chiang_rai",
        "Dource": "Krabi Airport",
        "User_ID": "1",
        "Status": "Pending"
    },
    "18": {
        "Flight_ID": "01-TDX",
        "Source": "hatyai",
        "Dource": "Trat Airport",
        "User_ID": "1",
        "Status": "Pending"
    },
    "19": {
        "Flight_ID": "03-LOE",
        "Source": "phrae",
        "Destination": "Loei Airport",
        "User_ID": "1",
        "Status": "Pending"
    },
    "20": {
        "Flight_ID": "02-MAQ",
        "Source": "pai",
        "Destination": "Mae Sot Airport",
        "User_ID": "1",
        "Status": "Pending"
    },
    "21": {
        "Flight_ID": "03-CEI",
        "Source": "tak",
        "Destination": "Chiang Rai International Airport",
        "User_ID": "1",
        "Status": "Pending"
    },
    "22": {
        "Flight_ID": "03-HDY",
        "Source": "phuket",
        "Destination": "Hat Yai International Airport",
        "User_ID": "1",
        "Status": "Pending"
    },
    "23": {
        "Flight_ID": "01-TST",
        "Source": "krabi",
        "Destination": "Trang Airport",
        "User_ID": "1",
        "Status": "Pending"
    },
    "24": {
        "Flight_ID": "03-HDY",
        "Source": "phuket",
        "Destination": "Hat Yai International Airport",
        "User_ID": "1",
        "Status": "Complete"
    },
    "25": {
        "Flight_ID": "01-KCC",
        "Source": "hatyai",
        "Destination": "Khon Kaen Airport",
        "User_ID": "1",
        "Status": "Complete"
    },
    "26": {
        "Flight_ID": "01-BKK",
        "Source": "khonkaen",
        "Destination": "Suvarnabhumi airport",
        "User_ID": "1",
        "Status": "Complete"
    },
    "27": {
        "Flight_ID": "03-HHQ",
        "Source": "tak",
        "Destination": "Hua Hin Airport",
        "User_ID": "2",
        "Status": "Complete"
    },
    "28": {
        "Flight_ID": "03-BFV",
        "Source": "loei",
        "Destination": "Buriram Airport",
        "User_ID": "1",
        "Status": "Complete"
    },
    "29": {
        "Flight_ID": "01-KCC",
        "Source": "bankok",
        "Destination": "Khon Kaen Airport",
        "User_ID": "1",
        "Status": "Pending"
    },
    "30": {
        "Flight_ID": "02-TKT",
        "Source": "nakhon_si_thammarat",
        "Destination": "Tak Airport",
        "User_ID": "7",
        "Status": "Cancel"
    },
    "31": {
        "Flight_ID": "02-KCC",
        "Source": "chumphon",
        "Destination": "Khon Kaen Airport",
        "User_ID": "1",
        "Status": "Complete"
    },
    "32": {
        "Flight_ID": "01-KCC",
        "Source": "chumphon",
        "Destination": "Khon Kaen Airport",
        "User_ID": "1",
        "Status": "Pending"
    },
    "33": {
        "Flight_ID": "01-CJM",
        "Source": "trang",
        "Destination": "Chumphon Airport",
        "User_ID": "1",
        "Status": "Pending"
    },
    "34": {
        "Flight_ID": "01-CJM",
        "Source": "khonkaen",
        "Destination": "Chumphon Airport",
        "User_ID": "1",
        "Status": "Pending"
    },
    "35": {
        "Flight_ID": "01-CJM",
        "Source": "chumphon",
        "Destination": "Chumphon Airport",
        "User_ID": "1",
        "Status": "Pending"
    },
    "36": {
        "Flight_ID": "01-CJM",
        "Source": "tak",
        "Destination": "Chumphon Airport",
        "User_ID": "1",
        "Status": "Pending"
    },
    "37": {
        "Flight_ID": "01-CJM",
        "Source": "chumphon",
        "Destination": "Chumphon Airport",
        "User_ID": "1",
        "Status": "Pending"
    },
    "38": {
        "Flight_ID": "01-TKT",
        "Source": "khonkaen",
        "Destination": "Tak Airport",
        "User_ID": "1",
        "Status": "Pending"
    },
    "39": {
        "Flight_ID": "01-CJM",
        "Source": "chumphon",
        "Destination": "Chumphon Airport",
        "User_ID": "1",
        "Status": "Pending"
    },
    "40": {
        "Flight_ID": "01-KCC",
        "Source": "chumphon",
        "Destination": "Khon Kaen Airport",
        "User_ID": "1",
        "Status": "Pending"
    },
    "41": {
        "Flight_ID": "01-CJM",
        "Source": "khonkaen",
        "Destination": "Chumphon Airport",
        "User_ID": "1",
        "Status": "Pending"
    },
    "42": {
        "Flight_ID": "01-KCC",
        "Source": "tak",
        "Destination": "Khon Kaen Airport",
        "User_ID": "1",
        "Status": "Pending"
    },
    "43": {
        "Flight_ID": "02-TKT",
        "Source": "nakhon_phanom",
        "Destination": "Tak Airport",
        "User_ID": "1",
        "Status": "Pending"
    },
    "44": {
        "Flight_ID": "01-BKK",
        "Source": "hatyai",
        "Destination": "Suvarnabhumi airport",
        "User_ID": "1",
        "Status": "Complete"
    }
}