{
    "1": {
        "Flight_ID": "01-HDY",
        "Source": "hatyai",
        "User_ID": "1",
        "Status": "Cancel"
    },
    "2": {
        "Flight_ID": "02-HDY",
        "Source": "mae_hong_son",
        "User_ID": "1",
        "Status": "Complete"
    },
    "3": {
        "Flight_ID": "03-HDY",
        "Source": "loei",
        "User_ID": "2",
        "Status": "Pending"
    },
    "4": {
        "Flight_ID": "02-KCC",
        "Source": "hua_hin",
        "User_ID": "1",
        "Status": "Pending"
    },
    "5": {
        "Flight_ID": "02-BKK",
        "Source": "phitsanulok",
        "User_ID": "1",
        "Status": "Complete"
    }
}